Workbook

Sheet PL format
A2: PACKING LIST
A7: ='CI format'!A10 -> TO:GKF CO.,LTD
A8: 1.Shipper/Exporter: | D8: 8.No. & Date of invoice
A9: ='CI format'!A12:C12 -> QINGDAO EASY-TECH IMP.&EXP. CO.,LTD. | D9: ='CI format'!D12:F12 -> 2025MFA1120-001 | G9: ='CI format'!G12 -> NOV. 20, 2025
A10: ='CI format'!A13:C13 -> RM A 903, ART& TECHNOLOGY SPACE, NO. 63, HAIER RD.,
A11: LAOSHAN DISTRICT ,QINGDAO, CHINA
A13: 2. Consignee: | D13: 9.Remarks
A14: ='CI format'!A17:C17 -> GKF CO.,LTD | D14: LC NO.: M04FU2511NU00018
A15: ='CI format'!A18:C18 -> 110, EUTTEUM-RO, DEOGANG-GU, GOYANG-SI, GYEONGGI-
A16: DO, REPUBLIC OF KOREA 10543
A17: 3.Notify Party:
A18: ='CI format'!A22:C22 -> GKF CO.,LTD
A19: ='CI format'!A23:C23 -> 110, EUTTEUM-RO, DEOGANG-GU, GOYANG-SI, GYEONGGI-
A20: DO, REPUBLIC OF KOREA 10543
A22: 4.Port of Loading | B22: 5. Final Destination
A23: ='CI format'!A27 -> QINGDAO PORT,CHINA | B23: ='CI format'!B27:C27 -> BUSAN PORT, SOUTH KOREA
A24: 6.Vessel/Voy. No. | B24: 7.Sailing on or About
A25: ='CI format'!A29 -> EASLINE DALIAN/2548E | B25: ='CI format'!B29:C29 -> NOV. 30，2025
A26: 10.Marks and Number of PKGS | B26: 11.Description of Goods | D26: 12.Quantity | E26: 13.NET WEIGHT | F26: 14.GROSS WEIGHT | G26: 15. MEASUREMENT
B28: COMMODITY: | C28: ='CI format'!C34 -> MIXED FATTY ACID
B29: QUANTITY： | C29: =E45 -> 100000
B30: PACKING: | C30: ='CI format'!C36 -> IN FLEXIBAG
B32: CONTAINER NO./SEAL NO.
B33: SPSU2034292/PESU0125381 | E33: 20000 | F33: =E33+110 -> 20110 | G33: 22CBM
B34: SLPU2040770/PESU0125349 | E34: 20000 | F34: =E34+110 -> 20110 | G34: 22CBM
B35: SEKU1777160/PESU0125348 | E35: 20000 | F35: =E35+110 -> 20110 | G35: 22CBM
B36: SPSU2013601/PESU0115330 | E36: 19750 | F36: =E36+110 -> 19860 | G36: 22CBM
B37: SEKU1776498/PESU0115321 | E37: 20250 | F37: =E37+110 -> 20360 | G37: 22CBM
B45: TOTAL | D45: 5 Flexibag | E45: 100000 | F45: 100550 | G45: 110CBM
F50: Signed by

Sheet CI format
A2: COMMERCIAL INVOICE
A10: TO:GKF CO.,LTD
A11: 1.Shipper/Exporter: | D11: 8.No. & Date of invoice
A12: QINGDAO EASY-TECH IMP.&EXP. CO.,LTD. | D12: 2025MFA1120-001 | G12: NOV. 20, 2025
A13: RM A 903, ART& TECHNOLOGY SPACE, NO. 63, HAIER RD., | D13: 9.No. & Date of L/C
A14: LAOSHAN DISTRICT ,QINGDAO, CHINA | D14: M04FU2511NU00018 | G14: NOV. 13，2025
D15: 10.No. & Date of Contract
A16: 2. Consignee: | D16: ETQMFA251112-001 | G16: NOV.11 , 2025
A17: GKF CO.,LTD | D17: 11.Remark
A18: 110, EUTTEUM-RO, DEOGANG-GU, GOYANG-SI, GYEONGGI-
A19: DO, REPUBLIC OF KOREA 10543
A21: 3.Notify Party:
A22: GKF CO.,LTD
A23: 110, EUTTEUM-RO, DEOGANG-GU, GOYANG-SI, GYEONGGI-
A24: DO, REPUBLIC OF KOREA 10543
A26: 4.Port of Loading | B26: 5. Final Destination
A27: QINGDAO PORT,CHINA | B27: BUSAN PORT, SOUTH KOREA
A28: 6.Vessel/Voy. No. | B28: 7.Sailing on or About
A29: EASLINE DALIAN/2548E | B29: NOV. 30，2025
A30: 12.Marks and Number of PKGS | B30: 13.Description of Goods | D30: 14.Quantity | F30: 15.Unit Price | G30: 16.Amount
A31: N/M | D31: MT | F31: USD/MT | G31: USD
D33: PRICE TERMS: | F33: CIF BUSAN PORT, SOUTH KOREA
B34: COMMODITY: | C34: MIXED FATTY ACID | D34: 100 | F34: 705 | G34: =D34*F34 -> 70500
B35: QUANTITY： | C35: =D34 -> 100
B36: PACKING: | C36: IN FLEXIBAG
B37: COUNTRY OF ORIGIN: | C37: CHINA
C44: TOTAL | D44: =C35 -> 100 | F44: =F34 -> 705 | G44: =G34 -> 70500
F48: Signed by
